{
  "overall_statistics": {
    "total_games": 180,
    "total_moves": 4075,
    "average_game_length": 22.63888888888889,
    "total_nodes_explored": 24543575,
    "total_computation_time": 35448.99055123329,
    "win_distribution": {
      "RED": 95,
      "YELLOW": 65,
      "EMPTY": 20
    },
    "draw_rate": 0.1111111111111111
  },
  "heuristic_performance": {
    "individual_performance": {
      "Material": {
        "total_games": 90,
        "wins": 65,
        "win_rate": 0.7222222222222222,
        "avg_game_length": 22.22222222222222,
        "avg_nodes_per_game": 149883.22222222222
      },
      "Positional": {
        "total_games": 90,
        "wins": 60,
        "win_rate": 0.6666666666666666,
        "avg_game_length": 26.666666666666668,
        "avg_nodes_per_game": 147413.16666666666
      },
      "Threat": {
        "total_games": 90,
        "wins": 5,
        "win_rate": 0.05555555555555555,
        "avg_game_length": 19.666666666666668,
        "avg_nodes_per_game": 103598.94444444444
      },
      "Pattern": {
        "total_games": 90,
        "wins": 30,
        "win_rate": 0.3333333333333333,
        "avg_game_length": 22.0,
        "avg_nodes_per_game": 144517.44444444444
      }
    },
    "ranking": [
      [
        "Material",
        0.7222222222222222
      ],
      [
        "Positional",
        0.6666666666666666
      ],
      [
        "Pattern",
        0.3333333333333333
      ],
      [
        "Threat",
        0.05555555555555555
      ]
    ],
    "performance_spread": 0.6666666666666666
  },
  "depth_sensitivity": {
    "depth_performance": {
      "Material": {
        "3": {
          "win_rate": 0.8333333333333334,
          "avg_computation_time": 4.781631898880005,
          "avg_nodes": 1430.3333333333333,
          "games_played": 30
        },
        "5": {
          "win_rate": 0.6666666666666666,
          "avg_computation_time": 78.65147935549417,
          "avg_nodes": 30683.166666666668,
          "games_played": 30
        },
        "7": {
          "win_rate": 0.6666666666666666,
          "avg_computation_time": 690.1410600741705,
          "avg_nodes": 417536.1666666667,
          "games_played": 30
        }
      },
      "Positional": {
        "3": {
          "win_rate": 0.5,
          "avg_computation_time": 3.113819726308187,
          "avg_nodes": 1783.0,
          "games_played": 30
        },
        "5": {
          "win_rate": 0.8333333333333334,
          "avg_computation_time": 47.94457155863444,
          "avg_nodes": 38588.5,
          "games_played": 30
        },
        "7": {
          "win_rate": 0.6666666666666666,
          "avg_computation_time": 393.96948714256285,
          "avg_nodes": 401868.0,
          "games_played": 30
        }
      },
      "Threat": {
        "3": {
          "win_rate": 0.0,
          "avg_computation_time": 3.2740735610326133,
          "avg_nodes": 1471.3333333333333,
          "games_played": 30
        },
        "5": {
          "win_rate": 0.16666666666666666,
          "avg_computation_time": 46.13024214108785,
          "avg_nodes": 24658.5,
          "games_played": 30
        },
        "7": {
          "win_rate": 0.0,
          "avg_computation_time": 365.430490064621,
          "avg_nodes": 284667.0,
          "games_played": 30
        }
      },
      "Pattern": {
        "3": {
          "win_rate": 0.5,
          "avg_computation_time": 4.811296677589416,
          "avg_nodes": 1335.6666666666667,
          "games_played": 30
        },
        "5": {
          "win_rate": 0.16666666666666666,
          "avg_computation_time": 70.74203421274821,
          "avg_nodes": 27551.5,
          "games_played": 30
        },
        "7": {
          "win_rate": 0.3333333333333333,
          "avg_computation_time": 654.2758503357569,
          "avg_nodes": 404665.1666666667,
          "games_played": 30
        }
      }
    },
    "sensitivity_metrics": {
      "Material": {
        "improvement_rate": -0.041666666666666685,
        "max_improvement": 0.16666666666666674,
        "optimal_depth": 3
      },
      "Positional": {
        "improvement_rate": 0.04166666666666666,
        "max_improvement": 0.33333333333333337,
        "optimal_depth": 5
      },
      "Threat": {
        "improvement_rate": 0.0,
        "max_improvement": 0.16666666666666666,
        "optimal_depth": 5
      },
      "Pattern": {
        "improvement_rate": -0.04166666666666667,
        "max_improvement": 0.33333333333333337,
        "optimal_depth": 3
      }
    }
  },
  "computational_efficiency": {
    "Material": {
      "win_rate": 0.7222222222222222,
      "avg_computation_time": 257.85805710951485,
      "avg_nodes_explored": 149883.22222222222,
      "efficiency_ratio": 0.002800851872995721,
      "nodes_per_second": 581.2625128039546
    },
    "Positional": {
      "win_rate": 0.6666666666666666,
      "avg_computation_time": 148.34262614250184,
      "avg_nodes_explored": 147413.16666666666,
      "efficiency_ratio": 0.004494100475383583,
      "nodes_per_second": 993.734373591699
    },
    "Threat": {
      "win_rate": 0.05555555555555555,
      "avg_computation_time": 138.27826858891382,
      "avg_nodes_explored": 103598.94444444444,
      "efficiency_ratio": 0.0004017663521714764,
      "nodes_per_second": 749.206259968678
    },
    "Pattern": {
      "win_rate": 0.3333333333333333,
      "avg_computation_time": 243.27639374203153,
      "avg_nodes_explored": 144517.44444444444,
      "efficiency_ratio": 0.0013701836343677368,
      "nodes_per_second": 594.0463117752792
    }
  },
  "alpha_beta_effectiveness": {
    "Material": {
      "avg_alpha_beta_cutoffs": 23236.833333333332,
      "avg_nodes_explored": 149883.22222222222,
      "avg_evaluation_calls": 104562.61111111111,
      "pruning_efficiency": 0.15503291822003648,
      "evaluation_efficiency": 0.6976271897603246
    },
    "Positional": {
      "avg_alpha_beta_cutoffs": 22471.0,
      "avg_nodes_explored": 147413.16666666666,
      "avg_evaluation_calls": 102771.83333333333,
      "pruning_efficiency": 0.152435501577765,
      "evaluation_efficiency": 0.6971686156483082
    },
    "Threat": {
      "avg_alpha_beta_cutoffs": 16397.722222222223,
      "avg_nodes_explored": 103598.94444444444,
      "avg_evaluation_calls": 71378.88888888889,
      "pruning_efficiency": 0.15828078471412999,
      "evaluation_efficiency": 0.6889924339640956
    },
    "Pattern": {
      "avg_alpha_beta_cutoffs": 22732.88888888889,
      "avg_nodes_explored": 144517.44444444444,
      "avg_evaluation_calls": 99200.55555555556,
      "pruning_efficiency": 0.15730204043033638,
      "evaluation_efficiency": 0.6864261676983249
    }
  }
}